tempo,densidade_media_prioritarios
0,0.0
21,4.290700357678551
39,2.021926671459382
60,1.9470404984423675
78,0.8653513326410522
93,0.0
111,0.0
