tempo,densidade_media
0,0.0
21,16.549844236760126
39,8.761682242990656
60,8.761682242990654
78,3.8940809968847354
93,0.0
111,0.0
