tempo,velocidade_media
0,0.0
21,7.971196244151334
39,12.598496151779127
60,1.1613056848469843
78,12.501168619401696
93,8.522158140597957
111,0.0
