tempo,velocidade_media_prioritarios
0,0.0
21,7.080618738715548
39,0.0
60,0.013040760937362603
78,13.289686611548532
93,0.0
111,0.0
